idCanonico,codigoSinapi,hoja,factor,unidadArqon,unidadSinapi,descripcionSinapi
br_aguarras_l,5318,ICD,1.0,L,L,DILUENTE AGUARRAS
br_alambre_con_puas_galvanizado_simple_m,340,ICD,1.0,m,M,"ARAME FARPADO GALVANIZADO, 16 BWG (1,65 MM), CLASSE 250"
br_alambre_cu_awg_n_1x10_m,982,ICD,1.0,m,M,"CABO DE COBRE, FLEXIVEL, CLASSE 4 OU 5, ISOLACAO EM PVC/A, ANTICHAMA BWF-B, 1 CONDUTOR, 450/750 V, SECAO NOMINAL 6 MM2"
br_alambre_cu_awg_n_1x12_m,981,ICD,1.0,m,M,"CABO DE COBRE, FLEXIVEL, CLASSE 4 OU 5, ISOLACAO EM PVC/A, ANTICHAMA BWF-B, 1 CONDUTOR, 450/750 V, SECAO NOMINAL 4 MM2"
br_alambre_cu_awg_n_1x14_m,1014,ICD,1.0,m,M,"CABO DE COBRE, FLEXIVEL, CLASSE 4 OU 5, ISOLACAO EM PVC/A, ANTICHAMA BWF-B, 1 CONDUTOR, 450/750 V, SECAO NOMINAL 2,5 MM2"
br_alambre_cu_awg_n_1x8_m,980,ICD,1.0,m,M,"CABO DE COBRE, FLEXIVEL, CLASSE 4 OU 5, ISOLACAO EM PVC/A, ANTICHAMA BWF-B, 1 CONDUTOR, 450/750 V, SECAO NOMINAL 10 MM2"
br_alambre_de_amarre_kg,43132,ICD,1.0,Kg,KG,"ARAME RECOZIDO 16 BWG, D = 1,65 MM (0,016 KG/M) OU 18 BWG, D = 1,25 MM (0,01 KG/M)"
br_alambre_galvanizado_n_10_kg,43130,ICD,1.0,Kg,KG,"ARAME GALVANIZADO 12 BWG, D = 2,76 MM (0,048 KG/M) OU 14 BWG, D = 2,11 MM (0,026 KG/M)"
br_arena_chancada_m3,4741,ICD,1.0,m3,M3,"PO DE PEDRA (POSTO PEDREIRA/FORNECEDOR, SEM FRETE)"
br_arena_comun_m3,370,ICD,1.0,m3,M3,"AREIA MEDIA - POSTO JAZIDA/FORNECEDOR (RETIRADO NA JAZIDA, SEM TRANSPORTE)"
br_arena_fina_m3,366,ICD,1.0,m3,M3,"AREIA FINA - POSTO JAZIDA/FORNECEDOR (RETIRADO NA JAZIDA, SEM TRANSPORTE)"
br_arena_lavada_m3,370,ICD,1.0,m3,M3,"AREIA MEDIA - POSTO JAZIDA/FORNECEDOR (RETIRADO NA JAZIDA, SEM TRANSPORTE)"
br_azulejo_bras_20x30_cm_m2,536,ICD,1.0,m2,M2,"REVESTIMENTO PARA PAREDE, EM CERAMICA ESMALTADA, FORMATO MENOR OU IGUAL A 2025 CM2"
br_azulejo_color_nal_22x34_cm_m2,536,ICD,1.0,m2,M2,"REVESTIMENTO PARA PAREDE, EM CERAMICA ESMALTADA, FORMATO MENOR OU IGUAL A 2025 CM2"
br_azulejo_nacional_color_22x34_cm_m2,536,ICD,1.0,m2,M2,"REVESTIMENTO PARA PAREDE, EM CERAMICA ESMALTADA, FORMATO MENOR OU IGUAL A 2025 CM2"
br_baldosa_ceramica_esmalt_11x23_cm_m2,1287,ICD,1.0,m2,M2,"PISO EM CERAMICA ESMALTADA, COR LISA, PEI MAIOR OU IGUAL A 4, FORMATO MENOR OU IGUAL A 2025 CM2"
br_baldosa_ceramica_esmaltada_m2,1287,ICD,1.0,m2,M2,"PISO EM CERAMICA ESMALTADA, COR LISA, PEI MAIOR OU IGUAL A 4, FORMATO MENOR OU IGUAL A 2025 CM2"
br_barniz_para_madera_l,10478,ICD,1.0,L,L,"VERNIZ A BASE RESINA ALQUIDICA COM POLIURETANO PARA MADEIRA, COM FILTRO SOLAR, BRILHANTE, USO INTERNO E EXTERNO"
br_cable_thw_12_awg_m,981,ICD,1.0,m,M,"CABO DE COBRE, FLEXIVEL, CLASSE 4 OU 5, ISOLACAO EM PVC/A, ANTICHAMA BWF-B, 1 CONDUTOR, 450/750 V, SECAO NOMINAL 4 MM2"
br_caja_de_registro_electrica_pza,1873,ICD,1.0,Pza,UN,"CAIXA DE PASSAGEM, EM PVC, DE 4"" X 4"", PARA ELETRODUTO FLEXIVEL CORRUGADO"
br_caja_plastica_circular_pza,1871,ICD,1.0,Pza,UN,"CAIXA OCTOGONAL DE FUNDO MOVEL, EM PVC, DE 3"" X 3"", PARA ELETRODUTO FLEXIVEL CORRUGADO"
br_caja_plastica_rectangular_pza,1872,ICD,1.0,Pza,UN,"CAIXA DE PASSAGEM, EM PVC, DE 4"" X 2"", PARA ELETRODUTO FLEXIVEL CORRUGADO"
br_cemento_kg,1379,ICD,1.0,Kg,KG,CIMENTO PORTLAND COMPOSTO CP II-32
br_cemento_blanco_kg,1380,ICD,1.0,Kg,KG,CIMENTO BRANCO NAO ESTRUTURAL (CPB - NAO ESTRUTURAL)
br_cemento_portland_kg,1379,ICD,1.0,Kg,KG,CIMENTO PORTLAND COMPOSTO CP II-32
br_ceramica_esmaltada_30_30_m2,1287,ICD,1.0,m2,M2,"PISO EM CERAMICA ESMALTADA, COR LISA, PEI MAIOR OU IGUAL A 4, FORMATO MENOR OU IGUAL A 2025 CM2"
br_cinta_aislante_pza,20111,ICD,1.0,Pza,UN,"FITA ISOLANTE ADESIVA ANTICHAMA, USO ATE 750 V, EM ROLO DE 19 MM X 20 M"
br_clavos_kg,5069,ICD,1.0,Kg,KG,PREGO DE ACO POLIDO COM CABECA 17 X 27 (2 1/2 X 11)
br_electrodos_kg,10999,ICD,1.0,Kg,KG,"ELETRODO REVESTIDO AWS - E6013, DIAMETRO IGUAL A 4,00 MM"
br_estuco_kg,3315,ICD,1.0,Kg,KG,GESSO EM PO PARA REVESTIMENTOS/MOLDURAS/SANCAS E USO GERAL
br_fierro_corrugado_kg,34,ICD,1.0,Kg,KG,"ACO CA-50, 10,0 MM, VERGALHAO"
br_fondo_preparador_de_pared_l,38122,ICD,1.0,L,L,FUNDO PREPARADOR ACRILICO BASE AGUA
br_grava_clasificada_m3,4718,ICD,1.0,m3,M3,"PEDRA BRITADA N. 2 (19 A 38 MM) POSTO PEDREIRA/FORNECEDOR, SEM FRETE"
br_grava_comun_m3,4721,ICD,1.0,m3,M3,"PEDRA BRITADA N. 1 (9,5 A 19 MM) POSTO PEDREIRA/FORNECEDOR, SEM FRETE"
br_grava_lavada_m3,4721,ICD,1.0,m3,M3,"PEDRA BRITADA N. 1 (9,5 A 19 MM) POSTO PEDREIRA/FORNECEDOR, SEM FRETE"
br_hormigon_premezclado_h_21_m3,1523,ICD,1.0,m3,M3,"CONCRETO USINADO CONVENCIONAL (NAO BOMBEAVEL) CLASSE DE RESISTENCIA C15, COM BRITA 1 E 2, SLUMP = 80 MM +/- 10 MM (NBR 8"
br_hormigon_premezclado_h_21_con_bomba_m3,1524,ICD,1.0,m3,M3,"CONCRETO USINADO BOMBEAVEL, CLASSE DE RESISTENCIA C20, BRITA 0 E 1, SLUMP = 100 +/- 20 MM, COM BOMBEAMENTO (DISPONIBILIZ"
br_hormigon_premezclado_h_25_m3,1527,ICD,1.0,m3,M3,"CONCRETO USINADO BOMBEAVEL, CLASSE DE RESISTENCIA C25, BRITA 0 E 1, SLUMP = 100 +/- 20 MM, COM BOMBEAMENTO (DISPONIBILIZ"
br_ladrillo_6h_24x15x11_cm_pza,7267,ICD,1.0,Pza,UN,"BLOCO CERAMICO / TIJOLO VAZADO PARA ALVENARIA DE VEDACAO, 6 FUROS NA HORIZONTAL DE 9 X 14 X 19 CM (L X A X C)"
br_ladrillo_adobito_de_1ra_pza,7258,ICD,1.0,Pza,UN,TIJOLO CERAMICO MACICO COMUM DE *5 X 10 X 20* CM (L X A X C)
br_ladrillo_gambote_18h_25x12x6_5_cm_pza,7260,ICD,1.0,Pza,UN,TIJOLO CERAMICO MACICO APARENTE DE *6 X 12 X 24* CM (L X A X C)
br_lija_hoja,3767,ICD,1.0,Hoja,UN,"LIXA EM FOLHA PARA PAREDE OU MADEIRA, NUMERO 120, COR VERMELHA"
br_lija_para_pared_hoja,3767,ICD,1.0,Hoja,UN,"LIXA EM FOLHA PARA PAREDE OU MADEIRA, NUMERO 120, COR VERMELHA"
br_limpiador_l,20083,ICD,1.0,L,UN,"SOLUCAO PREPARADORA / LIMPADORA PARA PVC, FRASCO COM 1000 CM3"
br_llave_de_paso_cortina_3_4_pza,6016,ICD,1.0,Pza,UN,"REGISTRO GAVETA BRUTO EM LATAO FORJADO, BITOLA 3/4"""
br_madera_de_construccion_p2,4006,ICD,0.00236,p2,M3,"MADEIRA SERRADA EM PINUS, MISTA OU EQUIVALENTE DA REGIAO - BRUTA"
br_masilla_kg,43626,ICD,1.0,Kg,KG,MASSA CORRIDA PARA SUPERFICIES DE AMBIENTES INTERNOS
br_pegamento_l,122,ICD,1.176,L,UN,"ADESIVO PLASTICO PARA PVC, FRASCO COM *850* GR"
br_pegamento_ceramico_kg,1381,ICD,1.0,Kg,KG,ARGAMASSA COLANTE AC I PARA CERAMICAS
br_piedra_bruta_m3,4730,ICD,1.0,m3,M3,"PEDRA DE MAO OU PEDRA RACHAO PARA ARRIMO/FUNDACAO (POSTO PEDREIRA/FORNECEDOR, SEM FRETE)"
br_piedra_manzana_m3,4730,ICD,1.0,m3,M3,"PEDRA DE MAO OU PEDRA RACHAO PARA ARRIMO/FUNDACAO (POSTO PEDREIRA/FORNECEDOR, SEM FRETE)"
br_pintura_anticorrosiva_l,7307,ICD,1.0,L,L,FUNDO ANTICORROSIVO PARA METAIS FERROSOS (ZARCAO)
br_pintura_latex_l,35692,ICD,1.0,L,L,"TINTA LATEX ACRILICA STANDARD, COR BRANCA"
br_pintura_sintetica_brillo_l,43647,ICD,1.0,L,L,TINTA ESMALTE SINTETICO STANDARD BRILHANTE
br_polietileno_m2,3777,ICD,1.0,m2,M2,"LONA PLASTICA PESADA PRETA, E = 150 MICRA"
br_porcelanato_m2,45190,ICD,1.0,m2,M2,"PISO EM PORCELANATO, RETIFICADO, LISO, MONOCOLOR, ACETINADO OU POLIDO, FORMATO MAIOR QUE 2500 ATE 6400 CM2"
br_sellador_para_pared_l,6085,ICD,1.0,L,L,SELADOR ACRILICO OPACO PREMIUM INTERIOR/EXTERIOR
br_silicona_tubo,39961,ICD,1.0,Tubo,UN,SILICONE ACETICO USO GERAL INCOLOR 280 G
br_soldadura_kg,10999,ICD,1.0,Kg,KG,"ELETRODO REVESTIDO AWS - E6013, DIAMETRO IGUAL A 4,00 MM"
br_teflon_pza,3146,ICD,1.0,Pza,UN,"FITA VEDA ROSCA, EM PTFE, ROLO DE 18 MM X 10 M (L X C)"
br_teja_colonial_ceramica_pza,7173,ICD,0.001,Pza,MIL,"TELHA DE BARRO / CERAMICA, NAO ESMALTADA, TIPO COLONIAL, CANAL, PLAN, PAULISTA, COMPRIMENTO DE *44 A 50* CM, RENDIMENTO "
br_tierra_negra_m3,7253,ICD,1.0,m3,M3,TERRA VEGETAL (GRANEL)
br_tierra_seleccionada_m3,7253,ICD,1.0,m3,M3,TERRA VEGETAL (GRANEL)
br_tuberia_galvanizada_fg_2_m,7696,ICD,1.0,m,M,"TUBO ACO GALVANIZADO COM COSTURA, CLASSE MEDIA, DN 2"", E = *3,65* MM, PESO *5,10* KG/M (NBR 5580)"
br_tuberia_rosca_pvc_1_m,9866,ICD,1.0,m,M,"TUBO PVC, ROSCAVEL, 1"", AGUA FRIA PREDIAL"
br_tuberia_rosca_pvc_3_4_m,9859,ICD,1.0,m,M,"TUBO PVC ROSCAVEL, 3/4"", AGUA FRIA PREDIAL"
br_tubo_conduit_pvc_3_4_m,2674,ICD,1.0,m,M,"ELETRODUTO DE PVC RIGIDO ROSCAVEL DE 3/4"", SEM LUVA"
br_tubo_conduit_pvc_5_8_m,2673,ICD,1.0,m,M,"ELETRODUTO DE PVC RIGIDO ROSCAVEL DE 1/2"", SEM LUVA"
br_tubo_desague_pvc_4_m,9836,ICD,1.0,m,M,"TUBO PVC SERIE NORMAL, DN 100 MM, PARA ESGOTO PREDIAL (NBR 5688)"
br_vidrio_plano_incoloro_4_mm_m2,10492,ICD,1.0,m2,M2,VIDRO LISO INCOLOR 4MM - SEM COLOCACAO
br_vidrio_templado_incoloro_10_mm_m2,10507,ICD,1.0,m2,M2,"VIDRO TEMPERADO INCOLOR E = 10 MM, SEM COLOCACAO"
br_yeso_kg,3315,ICD,1.0,Kg,KG,GESSO EM PO PARA REVESTIMENTOS/MOLDURAS/SANCAS E USO GERAL
br_mo_albanil,88309,CCD,1.0,Hr,H,PEDREIRO COM ENCARGOS COMPLEMENTARES
br_mo_armador,88245,CCD,1.0,Hr,H,ARMADOR COM ENCARGOS COMPLEMENTARES
br_mo_ayudante,88316,CCD,1.0,Hr,H,SERVENTE COM ENCARGOS COMPLEMENTARES
br_mo_capataz,90776,CCD,1.0,Hr,H,ENCARREGADO GERAL COM ENCARGOS COMPLEMENTARES
br_mo_carpintero,88261,CCD,1.0,Hr,H,CARPINTEIRO DE ESQUADRIAS COM ENCARGOS COMPLEMENTARES
br_mo_carpintero_en_aluminio,88315,CCD,1.0,Hr,H,SERRALHEIRO COM ENCARGOS COMPLEMENTARES
br_mo_cerrajero,88315,CCD,1.0,Hr,H,SERRALHEIRO COM ENCARGOS COMPLEMENTARES
br_mo_chofer,88282,CCD,1.0,Hr,H,MOTORISTA DE CAMINHÃO COM ENCARGOS COMPLEMENTARES
br_mo_electricista,88264,CCD,1.0,Hr,H,ELETRICISTA COM ENCARGOS COMPLEMENTARES
br_mo_encofrador,88262,CCD,1.0,Hr,H,CARPINTEIRO DE FORMAS COM ENCARGOS COMPLEMENTARES
br_mo_especialista,88309,CCD,1.0,Hr,H,PEDREIRO COM ENCARGOS COMPLEMENTARES
br_mo_especialista_calificado,88243,CCD,1.0,Hr,H,AJUDANTE ESPECIALIZADO COM ENCARGOS COMPLEMENTARES
br_mo_especialista_cerrajero,88315,CCD,1.0,Hr,H,SERRALHEIRO COM ENCARGOS COMPLEMENTARES
br_mo_especialista_en_tesado_e_inyeccion,88245,CCD,1.0,Hr,H,ARMADOR COM ENCARGOS COMPLEMENTARES
br_mo_especialista_plomero,88267,CCD,1.0,Hr,H,ENCANADOR OU BOMBEIRO HIDRÁULICO COM ENCARGOS COMPLEMENTARES
br_mo_mecanico_de_equipo_pesado,88275,CCD,1.0,Hr,H,MECÃNICO DE EQUIPAMENTOS PESADOS COM ENCARGOS COMPLEMENTARES
br_mo_operador_de_compactadora,88303,CCD,1.0,Hr,H,OPERADOR DE ROLO COMPACTADOR COM ENCARGOS COMPLEMENTARES
br_mo_operador_de_equipo_pesado,88297,CCD,1.0,Hr,H,OPERADOR DE MÁQUINAS E EQUIPAMENTOS COM ENCARGOS COMPLEMENTARES
br_mo_operador_de_mezcladora,88377,CCD,1.0,Hr,H,OPERADOR DE BETONEIRA ESTACIONÁRIA/MISTURADOR COM ENCARGOS COMPLEMENTARES
br_mo_operador_de_perforadora_neumatica,88298,CCD,1.0,Hr,H,OPERADOR DE MARTELETE OU MARTELETEIRO COM ENCARGOS COMPLEMENTARES
br_mo_operador_de_planta,88304,CCD,1.0,Hr,H,"OPERADOR DE USINA DE ASFALTO, DE SOLOS OU DE CONCRETO COM ENCARGOS COMPLEMENTARES"
br_mo_operador_de_retroexcavadora,88294,CCD,1.0,Hr,H,OPERADOR DE ESCAVADEIRA COM ENCARGOS COMPLEMENTARES
br_mo_operador_de_topadora,88324,CCD,1.0,Hr,H,TRATORISTA COM ENCARGOS COMPLEMENTARES
br_mo_operador_de_volqueta,88281,CCD,1.0,Hr,H,MOTORISTA DE BASCULANTE COM ENCARGOS COMPLEMENTARES
br_mo_perforista,88298,CCD,1.0,Hr,H,OPERADOR DE MARTELETE OU MARTELETEIRO COM ENCARGOS COMPLEMENTARES
br_mo_pintor,88310,CCD,1.0,Hr,H,PINTOR COM ENCARGOS COMPLEMENTARES
br_mo_plomero,88267,CCD,1.0,Hr,H,ENCANADOR OU BOMBEIRO HIDRÁULICO COM ENCARGOS COMPLEMENTARES
br_mo_plomero_certificado,88267,CCD,1.0,Hr,H,ENCANADOR OU BOMBEIRO HIDRÁULICO COM ENCARGOS COMPLEMENTARES
br_mo_profesional_de_seguridad_y_salud_ocupacional,100309,CCD,1.0,Hr,H,TÉCNICO EM SEGURANÇA DO TRABALHO COM ENCARGOS COMPLEMENTARES
br_mo_tecnico_especialista,88279,CCD,1.0,Hr,H,MONTADOR ELETROMECÂNICO COM ENCARGOS COMPLEMENTARES
br_mo_tecnico_especialista_certificado,88321,CCD,1.0,Hr,H,TÉCNICO DE LABORATÓRIO COM ENCARGOS COMPLEMENTARES
br_mo_tecnico_especialista_juntas,88270,CCD,1.0,Hr,H,IMPERMEABILIZADOR COM ENCARGOS COMPLEMENTARES
br_mo_topografo,90781,CCD,1.0,Hr,H,TOPOGRAFO COM ENCARGOS COMPLEMENTARES
br_eq_bomba_de_agua_3_hp,73536,CCD,1.0,Hr,CHP,"MOTOBOMBA CENTRÍFUGA, MOTOR A GASOLINA, POTÊNCIA 5,42 HP, BOCAIS 1 1/2"" X 1"", DIÂMETRO ROTOR 143 MM HM/Q = 6 MCA / 16,8 "
br_eq_camion_cisterna,5901,CCD,1.0,Hr,CHP,"CAMINHÃO PIPA 10.000 L TRUCADO, PESO BRUTO TOTAL 23.000 KG, CARGA ÚTIL MÁXIMA 15.935 KG, DISTÂNCIA ENTRE EIXOS 4,8 M, PO"
br_camion_de_transporte_hr,5824,CCD,1.0,Hr,CHP,"CAMINHÃO TOCO, PBT 16.000 KG, CARGA ÚTIL MÁX. 10.685 KG, DIST. ENTRE EIXOS 4,8 M, POTÊNCIA 189 CV, INCLUSIVE CARROCERIA "
br_camion_grua_hr,105984,CCD,1.0,Hr,CHP,"GUINDAUTO HIDRÁULICO, CAPACIDADE MÁXIMA DE CARGA 8500 KG, MOMENTO MÁXIMO DE CARGA 30,4 TM, ALCANCE MÁXIMO HORIZONTAL 14,"
br_eq_compactadora_de_rodillo,5684,CCD,1.0,Hr,CHP,"ROLO COMPACTADOR VIBRATÓRIO DE UM CILINDRO AÇO LISO, POTÊNCIA 80 HP, PESO OPERACIONAL MÁXIMO 8,1 T, IMPACTO DINÂMICO 16,"
br_eq_compactadora_manual_de_impacto,91533,CCD,1.0,Hr,CHP,"COMPACTADOR DE SOLOS DE PERCUSSÃO (SOQUETE) COM MOTOR A GASOLINA 4 TEMPOS, POTÊNCIA 4 CV - CHP DIURNO. AF_08/2015"
br_eq_compactadora_manual_salt,95264,CCD,1.0,Hr,CHP,"COMPACTADOR DE SOLOS DE PERCUSÃO (SOQUETE) COM MOTOR A GASOLINA, POTÊNCIA 3 CV - CHP DIURNO. AF_09/2016"
br_eq_compactadora_pata_de_cabra,73436,CCD,1.0,Hr,CHP,"ROLO COMPACTADOR VIBRATÓRIO PÉ DE CARNEIRO PARA SOLOS, POTÊNCIA 80 HP, PESO OPERACIONAL SEM/COM LASTRO 7,4 / 8,8 T, LARG"
br_eq_compresor_de_aire,5953,CCD,1.0,Hr,CHP,"COMPRESSOR DE AR REBOCÁVEL, VAZÃO 189 PCM, PRESSÃO EFETIVA DE TRABALHO 102 PSI, MOTOR DIESEL, POTÊNCIA 63 CV - CHP DIURN"
br_eq_compresora_atlas_copco,5953,CCD,1.0,Hr,CHP,"COMPRESSOR DE AR REBOCÁVEL, VAZÃO 189 PCM, PRESSÃO EFETIVA DE TRABALHO 102 PSI, MOTOR DIESEL, POTÊNCIA 63 CV - CHP DIURN"
br_cortadora_de_hormigon_hr,91283,CCD,1.0,Hr,CHP,"CORTADORA DE PISO COM MOTOR 4 TEMPOS A GASOLINA, POTÊNCIA DE 13 HP, COM DISCO DE CORTE DIAMANTADO SEGMENTADO PARA CONCRE"
br_dobladora_hr,106415,CCD,1.0,Hr,CHP,"DOBRADEIRA ELETROMECÂNICA DE VERGALHÃO, PARA AÇO DE DIÂMETRO ATÉ 1 1/2"", MOTOR ELÉTRICO TRIFÁSICO, POTÊNCIA DE 3 HP ATÉ "
br_eq_equipo_de_perforacion,90631,CCD,1.0,Hr,CHP,"PERFURATRIZ SOBRE ESTEIRA, TORQUE MÁXIMO 600 KGF, PESO MÉDIO 1000 KG, POTÊNCIA 20 HP, DIÂMETRO MÁXIMO 10"" - CHP DIURNO. "
br_eq_equipo_de_soldadura,98764,CCD,1.0,Hr,CHP,"INVERSOR DE SOLDA MONOFÁSICO DE 160 A, POTÊNCIA DE 7000 W, TENSÃO DE 220 V, TURBO VENTILADO, PROTEÇÃO POR TERMOSTATO, PA"
br_eq_guinche_con_motor_electrico,93281,CCD,1.0,Hr,CHP,"GUINCHO ELÉTRICO DE COLUNA, CAPACIDADE 400 KG, COM MOTO FREIO, MOTOR TRIFÁSICO DE 1,25 CV - CHP DIURNO. AF_03/2016"
br_eq_mezcladora,88830,CCD,1.0,Hr,CHP,"BETONEIRA CAPACIDADE NOMINAL DE 400 L, CAPACIDADE DE MISTURA 280 L, MOTOR ELÉTRICO TRIFÁSICO POTÊNCIA DE 2 CV, SEM CARRE"
br_eq_mezcladora_lejana,88830,CCD,1.0,Hr,CHP,"BETONEIRA CAPACIDADE NOMINAL DE 400 L, CAPACIDADE DE MISTURA 280 L, MOTOR ELÉTRICO TRIFÁSICO POTÊNCIA DE 2 CV, SEM CARRE"
br_mezcladora_de_hormigon_320_litros_hr,88830,CCD,1.0,Hr,CHP,"BETONEIRA CAPACIDADE NOMINAL DE 400 L, CAPACIDADE DE MISTURA 280 L, MOTOR ELÉTRICO TRIFÁSICO POTÊNCIA DE 2 CV, SEM CARRE"
br_eq_perforadora_neumatica,5795,CCD,1.0,Hr,CHP,"MARTELETE OU ROMPEDOR PNEUMÁTICO MANUAL, 28 KG, COM SILENCIADOR - CHP DIURNO. AF_07/2016"
br_eq_retroexcavadora,5678,CCD,1.0,Hr,CHP,"RETROESCAVADEIRA SOBRE RODAS COM CARREGADEIRA, TRAÇÃO 4X4, POTÊNCIA LÍQ. 88 HP, CAÇAMBA CARREG. CAP. MÍN. 1 M3, CAÇAMBA "
br_retroexcavadora_110_hp_hr,5631,CCD,1.0,Hr,CHP,"ESCAVADEIRA HIDRÁULICA SOBRE ESTEIRAS, CAÇAMBA 0,80 M3, PESO OPERACIONAL 17 T, POTENCIA BRUTA 111 HP - CHP DIURNO. AF_06"
br_eq_rompedora_de_asfalto,5795,CCD,1.0,Hr,CHP,"MARTELETE OU ROMPEDOR PNEUMÁTICO MANUAL, 28 KG, COM SILENCIADOR - CHP DIURNO. AF_07/2016"
br_eq_topadora_d7g,5847,CCD,1.0,Hr,CHP,"TRATOR DE ESTEIRAS, POTÊNCIA 170 HP, PESO OPERACIONAL 19 T, CAÇAMBA 5,2 M3 - CHP DIURNO. AF_06/2014"
br_eq_vibradora,90586,CCD,1.0,Hr,CHP,"VIBRADOR DE IMERSÃO, DIÂMETRO DE PONTEIRA 45MM, MOTOR ELÉTRICO TRIFÁSICO POTÊNCIA DE 2 CV - CHP DIURNO. AF_06/2015"
br_vibradora_de_2_hp_hr,90586,CCD,1.0,Hr,CHP,"VIBRADOR DE IMERSÃO, DIÂMETRO DE PONTEIRA 45MM, MOTOR ELÉTRICO TRIFÁSICO POTÊNCIA DE 2 CV - CHP DIURNO. AF_06/2015"
br_eq_volqueta_12_m3,91386,CCD,1.0,Hr,CHP,"CAMINHÃO BASCULANTE 10 M3, TRUCADO CABINE SIMPLES, PESO BRUTO TOTAL 23.000 KG, CARGA ÚTIL MÁXIMA 15.935 KG, DISTÂNCIA EN"
br_eq_volqueta_6_m3,5811,CCD,1.0,Hr,CHP,"CAMINHÃO BASCULANTE 6 M3, PESO BRUTO TOTAL 16.000 KG, CARGA ÚTIL MÁXIMA 13.071 KG, DISTÂNCIA ENTRE EIXOS 4,80 M, POTÊNCI"
br_mo_alarife,88242,CCD,1.0,Hr,H,AJUDANTE DE PEDREIRO COM ENCARGOS COMPLEMENTARES
br_eq_cargador_frontal_150hp,5940,CCD,1.0,Hr,CHP,"PÁ CARREGADEIRA SOBRE RODAS, POTÊNCIA LÍQUIDA 128 HP, CAPACIDADE DA CAÇAMBA 1,7 A 2,8 M3, PESO OPERACIONAL 11632 KG - CH"
br_eq_compactadora_neumatica,6879,CCD,1.0,Hr,CHP,"ROLO COMPACTADOR DE PNEUS ESTÁTICO, PRESSÃO VARIÁVEL, POTÊNCIA 111 HP, PESO SEM/COM LASTRO 9,5 / 26 T, LARGURA DE TRABAL"
br_eq_cortadora_de_asfalto,91283,CCD,1.0,Hr,CHP,"CORTADORA DE PISO COM MOTOR 4 TEMPOS A GASOLINA, POTÊNCIA DE 13 HP, COM DISCO DE CORTE DIAMANTADO SEGMENTADO PARA CONCRE"
br_eq_planta_de_asfalto_60ton_hr,93439,CCD,1.0,Hr,CHP,"USINA DE ASFALTO À FRIO, CAPACIDADE DE 40 A 60 TON/HORA, ELÉTRICA POTÊNCIA 30 CV - CHP DIURNO. AF_05/2023"
br_eq_terminadora_de_asfalto,5835,CCD,1.0,Hr,CHP,"VIBROACABADORA DE ASFALTO SOBRE ESTEIRAS, LARGURA DE PAVIMENTAÇÃO 1,90 M A 5,30 M, POTÊNCIA 105 HP CAPACIDADE 450 T/H - "
